<?xml version="1.0" encoding="UTF-8"?>
<project-private xmlns="http://www.netbeans.org/ns/project-private/1">
    <editor-bookmarks xmlns="http://www.netbeans.org/ns/editor-bookmarks/2" lastBookmarkId="0"/>
    <open-files xmlns="http://www.netbeans.org/ns/projectui-open-files/2">
        <group>
            <file>file:/home/victor/Documentos/Universidad/2º%20Cuatrimestre/PDOO/Practicas/DeepSpace/Java/DeepSpace/src/deepspace/CardDealer.java</file>
            <file>file:/home/victor/Documentos/Universidad/2º%20Cuatrimestre/PDOO/Practicas/DeepSpace/Java/DeepSpace/src/deepspace/Damage.java</file>
            <file>file:/home/victor/Documentos/Universidad/2º%20Cuatrimestre/PDOO/Practicas/DeepSpace/Java/DeepSpace/src/deepspace/CardDeck.java</file>
            <file>file:/home/victor/Documentos/Universidad/2º%20Cuatrimestre/PDOO/Practicas/DeepSpace/Java/DeepSpace/src/deepspace/WeaponType.java</file>
        </group>
    </open-files>
</project-private>
